USE `storedb` ;

INSERT INTO T_USER (F_USER_ID, F_FIRST_NAME, F_LAST_NAME, F_EMAIL, F_INFORMATION, F_ROLE, F_PASSWORD, F_TEL_NUM, F_IS_ACTIVE) VALUES (1, 'Chris', 'Schaefer', 'chris.schaefer@gmail.com', 'Chris #1 test information.', 'SUPERADMIN_ROLE', 'password_type1', '375-29-135-79-00', true);
INSERT INTO T_USER (F_USER_ID, F_FIRST_NAME, F_LAST_NAME, F_EMAIL, F_INFORMATION, F_ROLE, F_PASSWORD, F_TEL_NUM, F_IS_ACTIVE) VALUES (2, 'Scott', 'Tiger', 'scott.tiger@mail.com', 'Scott #2 test information.', 'SUPERADMIN_ROLE', 'password_type2', '375-29-123-45-67', true);
INSERT INTO T_USER (F_USER_ID, F_FIRST_NAME, F_LAST_NAME, F_EMAIL, F_INFORMATION, F_ROLE, F_PASSWORD, F_TEL_NUM, F_IS_ACTIVE) VALUES (3, 'John', 'Smith', 'john.smithr@gmail.com', 'John #9 test information.', 'ADMIN_ROLE', 'password_type3', '375-29-987-65-43', true);
INSERT INTO T_USER (F_USER_ID, F_FIRST_NAME, F_LAST_NAME, F_EMAIL, F_INFORMATION, F_ROLE, F_PASSWORD, F_TEL_NUM, F_IS_ACTIVE) VALUES (4, 'Peter', 'Jackson', 'peter.jackson@mail.com', 'Peter #4 test information.', 'ADMIN_ROLE', 'password_type4', '375-44-123-45-67', true);
INSERT INTO T_USER (F_USER_ID, F_FIRST_NAME, F_LAST_NAME, F_EMAIL, F_INFORMATION, F_ROLE, F_PASSWORD, F_TEL_NUM, F_IS_ACTIVE) VALUES (5, 'Jecky', 'Chan', 'jecky.chan@gmail.com', 'Jecky #5 test information.', 'USER_ROLE', 'password_type5', '375-44-987-65-43', true);
INSERT INTO T_USER (F_USER_ID, F_FIRST_NAME, F_LAST_NAME, F_EMAIL, F_INFORMATION, F_ROLE, F_PASSWORD, F_TEL_NUM, F_IS_ACTIVE) VALUES (6, 'Susan', 'Boyle', 'susan.boyle@mail.com', 'Susan #6 test information.', 'USER_ROLE', 'password_type6', '375-25-123-45-67', true);
INSERT INTO T_USER (F_USER_ID, F_FIRST_NAME, F_LAST_NAME, F_EMAIL, F_INFORMATION, F_ROLE, F_PASSWORD, F_TEL_NUM, F_IS_ACTIVE) VALUES (7, 'Tinner', 'Turner', 'tinner.turner@gmail.com', 'Tinner #7 test information.', 'USER_ROLE', 'password_type7', '375-25-987-65-43', true);
INSERT INTO T_USER (F_USER_ID, F_FIRST_NAME, F_LAST_NAME, F_EMAIL, F_INFORMATION, F_ROLE, F_PASSWORD, F_TEL_NUM, F_IS_ACTIVE) VALUES (8, 'Lotus', 'Notes', 'lotus.notes@mail.com', 'Lotus #8 test information.', 'USER_ROLE', 'password_type8', '375-25-246-80-00', true);

INSERT INTO T_ADDRESS (F_ADDRESS_ID, F_CITY, F_STREET, F_BUILDING_NUM, F_ZIPCODE) VALUES (1, 'Wasilla', 'Marconi Street', 2, 'AK 99654');
INSERT INTO T_ADDRESS (F_ADDRESS_ID, F_CITY, F_STREET, F_BUILDING_NUM, F_ZIPCODE) VALUES (2, 'Selden', 'Lexington Drive', 7667, 'NY 11784');
INSERT INTO T_ADDRESS (F_ADDRESS_ID, F_CITY, F_STREET, F_BUILDING_NUM, F_ZIPCODE) VALUES (3, 'Valdosta', 'Orchard Ave.', 9293, 'GA 31601');
INSERT INTO T_ADDRESS (F_ADDRESS_ID, F_CITY, F_STREET, F_BUILDING_NUM, F_ZIPCODE) VALUES (4, 'Bridgeton', 'Old Peg Shop Ave.', 793, 'NJ 08302');
INSERT INTO T_ADDRESS (F_ADDRESS_ID, F_CITY, F_STREET, F_BUILDING_NUM, F_ZIPCODE) VALUES (5, 'Voorhees', 'Sheffield St.', 522, 'NJ 08043');
INSERT INTO T_ADDRESS (F_ADDRESS_ID, F_CITY, F_STREET, F_BUILDING_NUM, F_ZIPCODE) VALUES (6, 'Saint Petersburg', 'Bowman Road', 438, 'FL 33702');
INSERT INTO T_ADDRESS (F_ADDRESS_ID, F_CITY, F_STREET, F_BUILDING_NUM, F_ZIPCODE) VALUES (7, 'Troy', 'Valley View Ave.', 9, 'NY 12180');
INSERT INTO T_ADDRESS (F_ADDRESS_ID, F_CITY, F_STREET, F_BUILDING_NUM, F_ZIPCODE) VALUES (8, 'La Porte', 'Sheffield Ave.', 51, 'IN 46350');

INSERT INTO T_GOODS (F_GOODS_ID, F_NAME, F_INVENTORY_NUM, F_DESCRIPTION, F_PRICE, F_IS_ACTIVE) VALUES (1, 'Reinforcement D8 S240', 'Inv. num. 13579-8', 'Reinforcement #1 D8 S240 test descr, tn.', 550, true);
INSERT INTO T_GOODS (F_GOODS_ID, F_NAME, F_INVENTORY_NUM, F_DESCRIPTION, F_PRICE, F_IS_ACTIVE) VALUES (2, 'Reinforcement D10 S240', 'Inv. num. 13579-10', 'Reinforcement #2 D10 S240 test descr, tn.', 530, true);
INSERT INTO T_GOODS (F_GOODS_ID, F_NAME, F_INVENTORY_NUM, F_DESCRIPTION, F_PRICE, F_IS_ACTIVE) VALUES (3, 'Reinforcement D12 S240', 'Inv. num. 13579-12', 'Reinforcement #3 D12 S240 test descr, tn.', 510, false);
INSERT INTO T_GOODS (F_GOODS_ID, F_NAME, F_INVENTORY_NUM, F_DESCRIPTION, F_PRICE, F_IS_ACTIVE) VALUES (4, 'Reinforcement D6 S500', 'Inv. num. 02468-6', 'Reinforcement #4 D6 S500 test descr, tn.', 600, true);
INSERT INTO T_GOODS (F_GOODS_ID, F_NAME, F_INVENTORY_NUM, F_DESCRIPTION, F_PRICE, F_IS_ACTIVE) VALUES (5, 'Reinforcement D8 S500', 'Inv. num. 02468-8', 'Reinforcement #5 D8 S500 test descr, tn.', 575, true);
INSERT INTO T_GOODS (F_GOODS_ID, F_NAME, F_INVENTORY_NUM, F_DESCRIPTION, F_PRICE, F_IS_ACTIVE) VALUES (6, 'Reinforcement D10 S500', 'Inv. num. 02468-10', 'Reinforcement #6 D10 S500 test descr, tn.', 550, true);
INSERT INTO T_GOODS (F_GOODS_ID, F_NAME, F_INVENTORY_NUM, F_DESCRIPTION, F_PRICE, F_IS_ACTIVE) VALUES (7, 'Reinforcement D12 S500', 'Inv. num. 02468-12', 'Reinforcement #7 D12 S500 test descr, tn.', 525, true);
INSERT INTO T_GOODS (F_GOODS_ID, F_NAME, F_INVENTORY_NUM, F_DESCRIPTION, F_PRICE, F_IS_ACTIVE) VALUES (8, 'Reinforcement D14 S500', 'Inv. num. 02468-14', 'Reinforcement #8 D14 S500 test descr, tn.', 525, false);
INSERT INTO T_GOODS (F_GOODS_ID, F_NAME, F_INVENTORY_NUM, F_DESCRIPTION, F_PRICE, F_IS_ACTIVE) VALUES (9, 'Reinforcement D16 S500', 'Inv. num. 02468-16', 'Reinforcement #9 D16 S500 test descr, tn.', 515, true);
INSERT INTO T_GOODS (F_GOODS_ID, F_NAME, F_INVENTORY_NUM, F_DESCRIPTION, F_PRICE, F_IS_ACTIVE) VALUES (10, 'Reinforcement D20 S500', 'Inv. num. 02468-20', 'Reinforcement #10 D20 S500 test descr, tn.', 505, true);

INSERT INTO T_ORDER (F_ORDER_ID, F_STATUS, F_ORDER_NUM, F_USER_ID) VALUES (101, 'NEW', '01-01-00-10', 1);
INSERT INTO T_ORDER (F_ORDER_ID, F_STATUS, F_ORDER_NUM, F_USER_ID) VALUES (102, 'NEW', '01-01-00-11', 2);
INSERT INTO T_ORDER (F_ORDER_ID, F_STATUS, F_ORDER_NUM, F_USER_ID) VALUES (103, 'REVIWING', '01-01-00-12', 3);
INSERT INTO T_ORDER (F_ORDER_ID, F_STATUS, F_ORDER_NUM, F_USER_ID) VALUES (104, 'REVIWING', '01-01-00-13', 4);
INSERT INTO T_ORDER (F_ORDER_ID, F_STATUS, F_ORDER_NUM, F_USER_ID) VALUES (105, 'IN_PROGRESS', '01-01-00-14', 6);
INSERT INTO T_ORDER (F_ORDER_ID, F_STATUS, F_ORDER_NUM, F_USER_ID) VALUES (106, 'IN_PROGRESS', '01-01-00-15', 6);
INSERT INTO T_ORDER (F_ORDER_ID, F_STATUS, F_ORDER_NUM, F_USER_ID) VALUES (107, 'DELIVERED', '01-01-00-16', 8);
INSERT INTO T_ORDER (F_ORDER_ID, F_STATUS, F_ORDER_NUM, F_USER_ID) VALUES (108, 'DELIVERED', '01-01-00-17', 8);

INSERT INTO T_ORDER_HAS_T_GOODS (F_ORDER_ID, F_GOODS_ID, F_GOODS_NUM) VALUES (101, 1, 2);
INSERT INTO T_ORDER_HAS_T_GOODS (F_ORDER_ID, F_GOODS_ID, F_GOODS_NUM) VALUES (102, 1, 4);
INSERT INTO T_ORDER_HAS_T_GOODS (F_ORDER_ID, F_GOODS_ID, F_GOODS_NUM) VALUES (103, 1, 1);
INSERT INTO T_ORDER_HAS_T_GOODS (F_ORDER_ID, F_GOODS_ID, F_GOODS_NUM) VALUES (103, 2, 1);
INSERT INTO T_ORDER_HAS_T_GOODS (F_ORDER_ID, F_GOODS_ID, F_GOODS_NUM) VALUES (104, 3, 3);
INSERT INTO T_ORDER_HAS_T_GOODS (F_ORDER_ID, F_GOODS_ID, F_GOODS_NUM) VALUES (104, 4, 3);
INSERT INTO T_ORDER_HAS_T_GOODS (F_ORDER_ID, F_GOODS_ID, F_GOODS_NUM) VALUES (105, 5, 10);
INSERT INTO T_ORDER_HAS_T_GOODS (F_ORDER_ID, F_GOODS_ID, F_GOODS_NUM) VALUES (105, 6, 10);
INSERT INTO T_ORDER_HAS_T_GOODS (F_ORDER_ID, F_GOODS_ID, F_GOODS_NUM) VALUES (106, 7, 4);
INSERT INTO T_ORDER_HAS_T_GOODS (F_ORDER_ID, F_GOODS_ID, F_GOODS_NUM) VALUES (106, 8, 8);
INSERT INTO T_ORDER_HAS_T_GOODS (F_ORDER_ID, F_GOODS_ID, F_GOODS_NUM) VALUES (107, 1, 5);
INSERT INTO T_ORDER_HAS_T_GOODS (F_ORDER_ID, F_GOODS_ID, F_GOODS_NUM) VALUES (107, 2, 5);
INSERT INTO T_ORDER_HAS_T_GOODS (F_ORDER_ID, F_GOODS_ID, F_GOODS_NUM) VALUES (107, 3, 5);
INSERT INTO T_ORDER_HAS_T_GOODS (F_ORDER_ID, F_GOODS_ID, F_GOODS_NUM) VALUES (108, 8, 1);
INSERT INTO T_ORDER_HAS_T_GOODS (F_ORDER_ID, F_GOODS_ID, F_GOODS_NUM) VALUES (108, 9, 1);
INSERT INTO T_ORDER_HAS_T_GOODS (F_ORDER_ID, F_GOODS_ID, F_GOODS_NUM) VALUES (108, 10, 1);

INSERT INTO T_NEWS (F_NEWS_ID, F_CAPTION, F_CONTENT, F_DATE, F_USER_ID) VALUES (500, 'Caption for news #500.', 'Content for news #500.', '2018-01-10', 2);
INSERT INTO T_NEWS (F_NEWS_ID, F_CAPTION, F_CONTENT, F_DATE, F_USER_ID) VALUES (501, 'Caption for news #501.', 'Content for news #501.', '2018-01-12', 2);
INSERT INTO T_NEWS (F_NEWS_ID, F_CAPTION, F_CONTENT, F_DATE, F_USER_ID) VALUES (502, 'Caption for news #502.', 'Content for news #502.', '2018-01-14', 4);
INSERT INTO T_NEWS (F_NEWS_ID, F_CAPTION, F_CONTENT, F_DATE, F_USER_ID) VALUES (503, 'Caption for news #503.', 'Content for news #503.', '2018-01-16', 8);

INSERT INTO T_COMMENT (F_COMMENT_ID, F_DATE, F_CONTENT, F_NEWS_ID, F_USER_ID) VALUES (700, '2018-01-13', 'Comment #700 for news number 501 by user number 1.', 501, 1);
INSERT INTO T_COMMENT (F_COMMENT_ID, F_DATE, F_CONTENT, F_NEWS_ID, F_USER_ID) VALUES (701, '2018-01-14', 'Comment #701 for news number 501 by user number 2.', 501, 2);
INSERT INTO T_COMMENT (F_COMMENT_ID, F_DATE, F_CONTENT, F_NEWS_ID, F_USER_ID) VALUES (702, '2018-01-14', 'Comment #702 for news number 502 by user number 3.', 502, 3);
INSERT INTO T_COMMENT (F_COMMENT_ID, F_DATE, F_CONTENT, F_NEWS_ID, F_USER_ID) VALUES (703, '2018-01-15', 'Comment #703 for news number 502 by user number 4.', 502, 4);
INSERT INTO T_COMMENT (F_COMMENT_ID, F_DATE, F_CONTENT, F_NEWS_ID, F_USER_ID) VALUES (704, '2018-01-16', 'Comment #704 for news number 502 by user number 5.', 502, 5);
INSERT INTO T_COMMENT (F_COMMENT_ID, F_DATE, F_CONTENT, F_NEWS_ID, F_USER_ID) VALUES (705, '2018-01-17', 'Comment #705 for news number 502 by user number 6.', 502, 6);
INSERT INTO T_COMMENT (F_COMMENT_ID, F_DATE, F_CONTENT, F_NEWS_ID, F_USER_ID) VALUES (706, '2018-01-16', 'Comment #706 for news number 503 by user number 7.', 503, 7);
INSERT INTO T_COMMENT (F_COMMENT_ID, F_DATE, F_CONTENT, F_NEWS_ID, F_USER_ID) VALUES (707, '2018-01-16', 'Comment #707 for news number 503 by user number 7.', 503, 7);
INSERT INTO T_COMMENT (F_COMMENT_ID, F_DATE, F_CONTENT, F_NEWS_ID, F_USER_ID) VALUES (708, '2018-01-17', 'Comment #708 for news number 503 by user number 8.', 503, 8);
INSERT INTO T_COMMENT (F_COMMENT_ID, F_DATE, F_CONTENT, F_NEWS_ID, F_USER_ID) VALUES (709, '2018-01-18', 'Comment #709 for news number 503 by user number 8.', 503, 8);

INSERT INTO T_FEEDBACK (F_FEEDBACK_ID, F_MESSAGE, F_USER_ID) VALUES (801, 'Message for feedback #801', 1);
INSERT INTO T_FEEDBACK (F_FEEDBACK_ID, F_MESSAGE, F_USER_ID) VALUES (802, 'Message for feedback #802', 1);
INSERT INTO T_FEEDBACK (F_FEEDBACK_ID, F_MESSAGE, F_USER_ID) VALUES (803, 'Message for feedback #803', 3);
INSERT INTO T_FEEDBACK (F_FEEDBACK_ID, F_MESSAGE, F_USER_ID) VALUES (804, 'Message for feedback #804', 5);
INSERT INTO T_FEEDBACK (F_FEEDBACK_ID, F_MESSAGE, F_USER_ID) VALUES (805, 'Message for feedback #805', 7);
INSERT INTO T_FEEDBACK (F_FEEDBACK_ID, F_MESSAGE, F_USER_ID) VALUES (806, 'Message for feedback #806', 7);
INSERT INTO T_FEEDBACK (F_FEEDBACK_ID, F_MESSAGE, F_USER_ID) VALUES (807, 'Message for feedback #807', 7);
INSERT INTO T_FEEDBACK (F_FEEDBACK_ID, F_MESSAGE, F_USER_ID) VALUES (808, 'Message for feedback #808', 7);
